{
	"info": {
		"_postman_id": "e661ff8f-0a0c-4dca-8542-b722742507cc",
		"name": "School Collection",
		"schema": "https://schema.getpostman.com/json/collection/v2.1.0/collection.json"
	},
	"item": [
		{
			"name": "Create Data",
			"request": {
				"method": "POST",
				"header": [],
				"url": {
					"raw": "http://localhost:8080/saveData",
					"protocol": "http",
					"host": [
						"localhost"
					],
					"port": "8080",
					"path": [
						"saveData"
					]
				}
			},
			"response": []
		},
		{
			"name": "Read all students",
			"request": {
				"method": "GET",
				"header": [],
				"url": {
					"raw": "http://localhost:8080/rest/students",
					"protocol": "http",
					"host": [
						"localhost"
					],
					"port": "8080",
					"path": [
						"rest",
						"students"
					]
				}
			},
			"response": []
		},
		{
			"name": "Real all professors",
			"request": {
				"method": "GET",
				"header": [],
				"url": {
					"raw": "http://localhost:8080/rest/professors",
					"protocol": "http",
					"host": [
						"localhost"
					],
					"port": "8080",
					"path": [
						"rest",
						"professors"
					]
				}
			},
			"response": []
		},
		{
			"name": "Read Student 1",
			"request": {
				"method": "GET",
				"header": [],
				"url": {
					"raw": "http://localhost:8080/rest/students/1",
					"protocol": "http",
					"host": [
						"localhost"
					],
					"port": "8080",
					"path": [
						"rest",
						"students",
						"1"
					]
				}
			},
			"response": []
		},
		{
			"name": "Read Professor 2",
			"request": {
				"method": "GET",
				"header": [],
				"url": {
					"raw": "http://localhost:8080/rest/professors/2",
					"protocol": "http",
					"host": [
						"localhost"
					],
					"port": "8080",
					"path": [
						"rest",
						"professors",
						"2"
					]
				}
			},
			"response": []
		},
		{
			"name": "Add Student",
			"request": {
				"method": "POST",
				"header": [],
				"body": {
					"mode": "raw",
					"raw": "{\n    \"name\": \"Helder\",\n    \"telephone\": \"92999992\",\n    \"age\": 21\n}",
					"options": {
						"raw": {
							"language": "json"
						}
					}
				},
				"url": {
					"raw": "http://localhost:8080/rest/students",
					"protocol": "http",
					"host": [
						"localhost"
					],
					"port": "8080",
					"path": [
						"rest",
						"students"
					]
				}
			},
			"response": []
		},
		{
			"name": "Add Student Fail",
			"request": {
				"method": "POST",
				"header": [],
				"body": {
					"mode": "raw",
					"raw": "{\n    \"name\": \"Helder\",\n    \"telephone\": \"92999992\",\n    \"age\": 21,\n    \"profs\": [\n        {\n            \"id\": 2,\n            \"name\": \"José\",\n            \"office\": \"D3.1\"\n        },\n        {\n            \"id\": 3,\n            \"name\": \"Paulo\",\n            \"office\": \"135\"\n        }\n    ]\n}",
					"options": {
						"raw": {
							"language": "json"
						}
					}
				},
				"url": {
					"raw": "http://localhost:8080/rest/students",
					"protocol": "http",
					"host": [
						"localhost"
					],
					"port": "8080",
					"path": [
						"rest",
						"students"
					]
				}
			},
			"response": []
		},
		{
			"name": "Add Professor",
			"request": {
				"method": "POST",
				"header": [],
				"body": {
					"mode": "raw",
					"raw": "{\"name\":\"Jorge\",\"office\":\"D1.1\"}",
					"options": {
						"raw": {
							"language": "json"
						}
					}
				},
				"url": {
					"raw": "http://localhost:8080/rest/professors",
					"protocol": "http",
					"host": [
						"localhost"
					],
					"port": "8080",
					"path": [
						"rest",
						"professors"
					]
				}
			},
			"response": []
		},
		{
			"name": "Edit Professor 2",
			"request": {
				"method": "PUT",
				"header": [],
				"body": {
					"mode": "raw",
					"raw": "{\"name\":\"Andreia\",\"office\":\"D1.2\"}",
					"options": {
						"raw": {
							"language": "json"
						}
					}
				},
				"url": {
					"raw": "http://localhost:8080/rest/professors/2",
					"protocol": "http",
					"host": [
						"localhost"
					],
					"port": "8080",
					"path": [
						"rest",
						"professors",
						"2"
					]
				}
			},
			"response": []
		},
		{
			"name": "Edit Student 1",
			"request": {
				"method": "PUT",
				"header": [],
				"body": {
					"mode": "raw",
					"raw": "{\n    \"name\": \"Alda\",\n    \"telephone\": \"93999993\",\n    \"age\": 22\n}",
					"options": {
						"raw": {
							"language": "json"
						}
					}
				},
				"url": {
					"raw": "http://localhost:8080/rest/students/1",
					"protocol": "http",
					"host": [
						"localhost"
					],
					"port": "8080",
					"path": [
						"rest",
						"students",
						"1"
					]
				}
			},
			"response": []
		}
	]
}